Name,Group,Individual Mark,Group Mark,Belbin Role
Son Saling,1,60,60,plant
Ernesto Eisenberg,2,68,80,plant
Marcus Mccasland,3,64,72,plant
Lindsey Langevin,4,57,66,plant
Zachery Zilnicki,1,72,60,shaper
Seth Steger,2,98,80,shaper
Guy Gatewood,3,52,72,shaper
Gonzalo Govea,4,65,66,shaper
Allen Alberson,1,98,60,specialist
Zachariah Zellner,2,67,80,specialist
Michel Marion,3,25,72,specialist
Shad Stollings,4,63,66,specialist
Nick Napier,1,35,60,Finisher
Forrest Fitzgibbon,2,75,80,Finisher
Zack Zalewski,3,85,72,Finisher
Kip Kendricks,4,95,66,Finisher
Antony Arata,1,63,60,implementer
Eddy Egbert,2,32,80,implementer
Wilton Wickwire,3,12,72,implementer
Sid Stonebraker,4,15,66,implementer
Carlton Cisco,1,45,60,resource investigator
Nolan Northcott,2,85,80,resource investigator
Beau Bulloch,3,75,72,resource investigator
Jarrett Jorgenson,4,64,66,resource investigator
