Student,"Phase 1, %","Phase 2, %","Phase 3, %","Phase 4, %","Total mark, %"
Nicolas Mezeret,68,84,75,88,79
SHAUN MATHIAS,68,84,75,93,80
Alexander Mann,78,92,82,93,86
NIKITA D KADAM,68,84,75,75,76
Sumit Kumar Sarraf,67,78,73,69,72
Adnan Khairullah,68,92,82,66,77
DAVID WILLIAM OWEN,84,90,75,96,86
Farhan Noor,67,78,73,79,74
Haolin Zhan,67,78,73,85,76
Hisham Alashqar,61,84,75,72,73
JUNLONG YU,81,80,71,73,76
Khalid Abdulkarim Almalki,68,84,75,72,75
Meng Tang,84,90,75,75,81
NIK AHMAD FARID NIK ARIFF FATHILLAH,67,78,73,93,78
SHARMILA RAVICHANDRAN,84,90,75,80,82
YUHAO YAN,67,78,73,83,75
Mohammad Alqallaf,81,80,71,75,77
HUSSEIN OMER AZIZ,78,92,82,75,82
Cary Lee Darren Edwards,92,93,87,88,90
Loganathan Totti Elumalai,78,92,82,82,84
Vineet Berlia,81,80,71,76,77
Matthew Asa Nunes,78,92,82,92,86
Suyog Gune,92,78,73,75,80
Aigerim Zuyeva,67,78,73,92,78
Vera Yee Ching Yunn,81,80,71,87,80
Thomas Alan Bryan Preston,84,90,75,95,86
Tianyi Zhang,84,90,75,86,84
Gerald Shumba,81,80,71,86,80
Liam Hamill,81,80,71,91,81
Saad Alrashid,61,90,50,58,65
Reza Moghbel,78,92,82,88,85
Jiajian Wen,68,84,75,73,75
Michael Hosseini,81,80,71,90,81
Andrew Rowlands,92,93,87,95,92
Calum Davies,92,93,87,85,89
Samuel Rogers,92,93,87,95,92
Mohammed Alrebdi,78,92,82,86,85
Calum Davies,92,93,87,85,89
Gregory Burke,68,84,75,91,80
Vivek Raghav,84,90,75,82,83
Arnaud Escalant,92,93,87,89,90
